{"stat.craftItem.minecraft.leather_leggings":12,"stat.pickup.minecraft.wooden_slab":1,"stat.pickup.minecraft.sign":26,"stat.pickup.minecraft.stone_pressure_plate":1,"stat.leaveGame":11,"stat.pickup.minecraft.stained_glass_pane":1,"stat.useItem.minecraft.carpet":2,"stat.pickup.minecraft.flower_pot":1,"stat.useItem.minecraft.stained_glass_pane":2,"stat.useItem.minecraft.flower_pot":3,"stat.jump":1969,"stat.swimOneCm":5773,"stat.climbOneCm":3925,"stat.crouchOneCm":36764,"stat.pickup.minecraft.rail":1,"stat.useItem.minecraft.stone_button":15,"stat.useItem.minecraft.stone_slab2":49914,"stat.useItem.minecraft.water_bucket":50,"stat.craftingTableInteraction":24,"stat.pickup.minecraft.cobblestone_wall":1,"stat.aviateOneCm":1095106,"stat.pickup.minecraft.planks":1,"stat.flyOneCm":30914785,"stat.pickup.minecraft.quartz_block":4,"stat.timeSinceDeath":2366095,"stat.useItem.minecraft.sign":28,"stat.pickup.minecraft.stained_hardened_clay":1,"stat.useItem.minecraft.wooden_slab":9,"stat.flowerPotted":32,"stat.walkOneCm":710283,"stat.useItem.minecraft.torch":43,"stat.drop.minecraft.rail":1,"stat.pickup.minecraft.wooden_axe":1,"stat.useItem.minecraft.oak_stairs":102,"stat.furnaceInteraction":1,"stat.craftItem.minecraft.leather_boots":1,"stat.pickup.minecraft.carpet":3,"stat.pickup.minecraft.trapdoor":1,"stat.drop.minecraft.sign":1,"stat.pickup.minecraft.filled_map":1,"stat.drop.minecraft.glass_pane":1,"stat.useItem.minecraft.item_frame":4,"stat.pickup.minecraft.tallgrass":1,"stat.drop.minecraft.planks":1,"stat.sprintOneCm":248929,"stat.useItem.minecraft.tallgrass":59,"stat.pickup.minecraft.banner":22,"stat.useItem.minecraft.stone_slab":57,"stat.useItem.minecraft.flint_and_steel":2,"stat.pickup.minecraft.leather_leggings":1,"stat.drop.minecraft.cobblestone_wall":1,"stat.drop":7,"stat.playOneMinute":2366095,"stat.craftItem.minecraft.leather_chestplate":7,"stat.pickup.minecraft.torch":10,"stat.useItem.minecraft.banner":9,"stat.pickup.minecraft.red_flower":1,"stat.sneakTime":71741,"stat.drop.minecraft.quartz_block":1,"stat.pickup.minecraft.glass_pane":1,"stat.pickup.minecraft.item_frame":5,"stat.diveOneCm":2669,"stat.drop.minecraft.wooden_axe":1}