{"stats":{"minecraft:crafted":{"minecraft:leather_boots":1,"minecraft:leather_leggings":1,"minecraft:bookshelf":36,"minecraft:glass":12,"minecraft:glistering_melon_slice":3,"minecraft:glass_bottle":9,"minecraft:emerald":39,"minecraft:leather_helmet":1,"minecraft:air":0,"minecraft:leather_chestplate":1},"minecraft:picked_up":{"minecraft:cocoa_beans":7,"minecraft:ender_chest":1,"minecraft:diamond_sword":1,"minecraft:potion":8,"minecraft:elytra":2,"minecraft:iron_axe":1,"minecraft:flint_and_steel":1,"minecraft:white_carpet":1,"minecraft:item_frame":1,"minecraft:compass":14,"minecraft:bucket":4,"minecraft:written_book":1,"minecraft:player_head":134,"minecraft:minecart":15,"minecraft:stick":1,"minecraft:magenta_shulker_box":1,"minecraft:cyan_shulker_box":1,"minecraft:red_shulker_box":3,"minecraft:honey_bottle":1,"minecraft:bamboo_sign":3,"minecraft:white_shulker_box":8,"minecraft:skeleton_skull":2,"minecraft:leather_chestplate":4,"minecraft:netherite_boots":1,"minecraft:yellow_shulker_box":1,"minecraft:golden_carrot":18,"minecraft:chiseled_quartz_block":2,"minecraft:smooth_sandstone_stairs":1,"minecraft:wither_skeleton_skull":6,"minecraft:netherite_leggings":1,"minecraft:paper":29,"minecraft:pitcher_pod":2,"minecraft:scaffolding":64,"minecraft:torchflower_seeds":1,"minecraft:light_blue_shulker_box":1,"minecraft:spider_eye":22,"minecraft:shulker_box":7,"minecraft:firework_rocket":37,"minecraft:diamond_shovel":1,"minecraft:netherite_helmet":1,"minecraft:diamond_axe":1,"minecraft:emerald":4,"minecraft:diamond_pickaxe":2},"minecraft:custom":{"minecraft:inspect_dropper":50,"minecraft:mob_kills":25,"minecraft:interact_with_anvil":14,"minecraft:inspect_hopper":70,"minecraft:interact_with_crafting_table":7,"minecraft:open_barrel":189,"minecraft:open_shulker_box":179,"minecraft:leave_game":28,"minecraft:time_since_death":14180,"minecraft:climb_one_cm":20937,"minecraft:sprint_one_cm":802020,"minecraft:walk_one_cm":805193,"minecraft:drop":215,"minecraft:talked_to_villager":80,"minecraft:play_time":1490826,"minecraft:deaths":47,"minecraft:sneak_time":23991,"minecraft:walk_under_water_one_cm":616,"minecraft:interact_with_brewingstand":8,"minecraft:interact_with_lectern":70,"minecraft:jump":1774,"minecraft:walk_on_water_one_cm":2947,"minecraft:total_world_time":2841224,"minecraft:traded_with_villager":79,"minecraft:interact_with_cartography_table":1,"minecraft:interact_with_loom":5,"minecraft:pot_flower":1,"minecraft:time_since_rest":14201,"minecraft:open_enderchest":3,"minecraft:damage_taken":7075,"minecraft:minecart_one_cm":270027,"minecraft:damage_dealt":5020,"minecraft:fly_one_cm":6964778,"minecraft:open_chest":39,"minecraft:crouch_one_cm":5892,"minecraft:interact_with_smoker":1,"minecraft:fall_one_cm":45652,"minecraft:inspect_dispenser":28},"minecraft:killed":{"minecraft:zombie":8,"minecraft:villager":17},"minecraft:used":{"minecraft:orange_concrete_powder":3,"minecraft:netherite_sword":65,"minecraft:writable_book":20,"minecraft:armor_stand":12,"minecraft:bone_block":1,"minecraft:dispenser":1,"minecraft:redstone":70,"minecraft:bamboo_sign":17,"minecraft:ladder":7,"minecraft:black_carpet":1,"minecraft:decorated_pot":1,"minecraft:spruce_planks":8,"minecraft:stone":9,"minecraft:white_shulker_box":2,"minecraft:sculk":7,"minecraft:quartz_stairs":7,"minecraft:smooth_sandstone_stairs":1,"minecraft:anvil":9,"minecraft:white_carpet":26,"minecraft:hopper":11,"minecraft:glow_lichen":2,"minecraft:allay_spawn_egg":1,"minecraft:oak_fence_gate":1,"minecraft:polished_diorite":26,"minecraft:cyan_terracotta":6,"minecraft:bricks":8,"minecraft:quartz_pillar":1,"minecraft:villager_spawn_egg":12,"minecraft:bamboo_hanging_sign":1,"minecraft:green_wool":3,"minecraft:quartz_block":16,"minecraft:hopper_minecart":2,"minecraft:mud_bricks":2,"minecraft:item_frame":16,"minecraft:repeater":9,"minecraft:bedrock":16,"minecraft:purple_concrete":30,"minecraft:lime_concrete":66,"minecraft:sniffer_spawn_egg":3,"minecraft:magenta_wool":1,"minecraft:lime_stained_glass":1,"minecraft:black_dye":1,"minecraft:white_stained_glass_pane":2,"minecraft:minecart":12,"minecraft:gold_block":11,"minecraft:turtle_egg":4,"minecraft:bamboo_trapdoor":3,"minecraft:glass_bottle":7,"minecraft:polished_andesite":7,"minecraft:powered_rail":3,"minecraft:cartography_table":1,"minecraft:white_dye":1,"minecraft:glow_ink_sac":1,"minecraft:rail":7,"minecraft:comparator":3,"minecraft:crafting_table":1,"minecraft:loom":1,"minecraft:birch_sign":13,"minecraft:yellow_concrete":2,"minecraft:white_bed":1,"minecraft:chiseled_quartz_block":9,"minecraft:ochre_froglight":3,"minecraft:painting":109,"minecraft:book":72,"minecraft:bat_spawn_egg":8,"minecraft:redstone_torch":1,"minecraft:deepslate_tiles":33,"minecraft:sticky_piston":1,"minecraft:lever":2,"minecraft:black_concrete":342,"minecraft:activator_rail":1,"minecraft:command_block":5,"minecraft:birch_slab":1,"minecraft:brown_wool":9,"minecraft:oak_button":4,"minecraft:barrier":10,"minecraft:map":4,"minecraft:detector_rail":1,"minecraft:magenta_concrete":4,"minecraft:yellow_wool":2,"minecraft:fishing_rod":6,"minecraft:stripped_oak_wood":46,"minecraft:white_stained_glass":10,"minecraft:chain_command_block":1,"minecraft:polished_blackstone_button":3,"minecraft:white_concrete":117},"minecraft:dropped":{"minecraft:bread":11,"minecraft:wheat_seeds":11,"minecraft:glass_bottle":23,"minecraft:minecart":6,"minecraft:cooked_porkchop":8,"minecraft:book":7,"minecraft:polished_blackstone_button":2,"minecraft:polished_andesite":1,"minecraft:cod":1,"minecraft:item_frame":1,"minecraft:emerald":23,"minecraft:turtle_egg":1,"minecraft:golden_carrot":79,"minecraft:dispenser":1,"minecraft:lodestone":1,"minecraft:melon_slice":50,"minecraft:brown_wool":1,"minecraft:fire_charge":1,"minecraft:potion":36,"minecraft:dried_kelp":5,"minecraft:pumpkin_pie":7,"minecraft:writable_book":2,"minecraft:bone_meal":1,"minecraft:glistering_melon_slice":1,"minecraft:black_concrete":3,"minecraft:stripped_oak_wood":1,"minecraft:paper":27,"minecraft:fishing_rod":14,"minecraft:polished_diorite":1,"minecraft:anvil":2,"minecraft:compass":1979,"minecraft:sweet_berries":91,"minecraft:lever":1,"minecraft:player_head":7,"minecraft:iron_nugget":9,"minecraft:nether_wart":70,"minecraft:chiseled_quartz_block":2,"minecraft:cocoa_beans":8,"minecraft:lime_concrete":1,"minecraft:smooth_sandstone_stairs":1,"minecraft:wheat":5,"minecraft:white_carpet":1,"minecraft:comparator":1,"minecraft:glowstone_dust":27,"minecraft:blaze_powder":4,"minecraft:white_bed":1,"minecraft:torchflower_seeds":1,"minecraft:filled_map":3,"minecraft:oak_fence_gate":1,"minecraft:leather_chestplate":3,"minecraft:stone":1,"minecraft:birch_sign":1,"minecraft:glass":30,"minecraft:white_stained_glass":1},"minecraft:mined":{"minecraft:decorated_pot":1}},"DataVersion":4189}